conversion_id,click_id,revenue
8000,150001,1.252539
8001,150015,0.644889
8002,150018,1.251805
8003,150020,0.554386
8004,150031,1.019945
8005,150033,1.399515
8006,150036,0.915988
8007,150043,0.674833
8008,150060,0.51617
8009,150092,1.392201
8010,150111,1.130221
8011,150113,0.574246
8012,150128,1.46633
8013,150143,1.184914
8014,150153,0.873769
8015,150164,0.697256
8016,150204,0.408251
8017,150217,0.530214
8018,150224,1.380333
8019,150265,1.269487
8020,150279,0.958162
8021,150291,0.945509
8022,150314,1.250982
8023,150322,0.312518
8024,150324,0.670212
8025,150339,0.575456
8026,150349,1.194869
8027,150365,1.323484
8028,150375,0.566217
8029,150384,0.646902
8030,150409,1.198187
8031,150450,0.992726
8032,150456,1.496505
8033,150471,0.878008
8034,150473,0.528775
8035,150477,0.43446
8036,150490,0.584534
8037,150494,1.386042
8038,150498,1.303892
8039,150502,0.654823
8040,150503,1.151064
8041,150508,0.478597
8042,150510,1.108368
8043,150522,1.424321
8044,150532,0.316994
8045,150534,1.355423
8046,150554,1.297259
8047,150565,1.041183
8048,150576,0.902017
8049,150585,0.469666
8050,150590,0.85371
8051,150609,1.320566
8052,150614,1.424762
8053,150637,1.416259
8054,150670,0.646014
8055,150683,1.354653
8056,150723,1.322002
8057,150735,1.36818
8058,150739,0.339209
8059,150747,1.122893
8060,150771,0.492222
8061,150864,1.162898
8062,150879,1.173024
8063,150890,0.317903
8064,150899,0.906728
8065,150910,0.988728
8066,150913,1.155175
8067,150919,0.934955
8068,150928,0.510291
8069,150935,0.649669
8070,150942,0.87573
8071,150954,0.463408
8072,150981,0.419186
8073,150982,1.078542
8074,150985,0.548967
8075,150991,1.175192
8076,150992,1.25521
8077,150998,0.315207
8078,151024,0.368422
8079,151042,1.096741
8080,151052,1.471845
8081,151058,0.756497
8082,151071,1.489958
8083,151082,1.334997
8084,151086,1.451351
8085,151087,0.307207
8086,151095,1.090898
8087,151098,1.114963
8088,151109,0.779216
8089,151144,1.063466
8090,151154,0.410198
8091,151165,1.498962
8092,151176,0.987595
8093,151177,0.849727
8094,151179,0.357973
8095,151182,0.729171
8096,151195,1.204829
8097,151198,1.046407
8098,151203,0.692762
8099,151253,0.575966
8100,151278,0.904175
8101,151285,0.770323
8102,151291,1.387031
8103,151311,0.994819
8104,151314,1.480006
8105,151324,0.419494
8106,151328,0.564697
8107,151329,0.937459
8108,151336,0.659148
8109,151347,0.956223
8110,151377,0.649812
8111,151382,0.376655
8112,151383,1.317636
8113,151408,0.353919
8114,151428,1.239988
8115,151434,0.846841
8116,151465,1.400017
8117,151486,1.117589
8118,151510,0.333179
8119,151519,0.708405
8120,151538,0.984115
8121,151543,1.01051
8122,151544,0.432932
8123,151549,0.728892
8124,151589,0.946971
8125,151593,1.019529
8126,151594,0.350393
8127,151605,0.340969
8128,151642,0.661305
8129,151648,0.467579
8130,151680,1.053034
8131,151683,0.937156
8132,151687,1.249994
8133,151691,0.379404
8134,151695,0.669547
8135,151703,1.487373
8136,151707,0.895296
8137,151712,1.006025
8138,151735,1.446514
8139,151737,0.888155
8140,151754,0.658764
8141,151757,1.186106
8142,151777,1.11567
8143,151781,0.310899
8144,151791,0.68216
8145,151846,0.644144
8146,151847,0.665669
8147,151852,1.385829
8148,151863,1.164357
8149,151866,0.444843
8150,151868,0.652255
8151,151875,1.108591
8152,151880,0.965282
8153,151901,0.970716
8154,151956,1.397984
8155,151974,1.266918
8156,151978,1.157606
8157,151994,1.496025
8158,151996,0.786576
8159,152041,0.343195
8160,152069,0.822321
8161,152081,1.324297
8162,152084,0.698352
8163,152089,0.764224
8164,152097,0.72793
8165,152144,0.750951
8166,152161,1.242095
8167,152175,1.017568
8168,152178,1.29297
8169,152194,0.50882
8170,152211,1.28134
8171,152219,1.062137
8172,152222,1.325291
8173,152239,1.180137
8174,152243,1.286265
8175,152249,1.053714
8176,152257,1.227883
8177,152275,0.402535
8178,152278,0.940077
8179,152289,0.30737
8180,152325,0.61742
8181,152354,1.091928
8182,152356,1.435138
8183,152364,1.410708
8184,152369,1.219745
8185,152373,0.889389
8186,152381,1.442907
8187,152385,1.128132
8188,152386,0.978762
8189,152389,1.119877
8190,152428,0.68868
8191,152440,1.378221
8192,152445,0.437035
8193,152448,0.856991
8194,152458,0.594909
8195,152481,0.31136
8196,152494,1.280341
8197,152504,0.997564
8198,152520,0.330277
8199,152526,1.055372
8200,152530,1.396759
8201,152537,1.099296
8202,152561,0.793165
8203,152571,1.448123
8204,152581,0.429809
8205,152588,0.440723
8206,152589,0.467393
8207,152590,1.251276
8208,152597,0.515236
8209,152606,1.494833
8210,152627,1.464895
8211,152638,1.416918
8212,152643,0.9331
8213,152657,1.182416
8214,152663,1.013332
8215,152702,0.506963
8216,152720,0.737276
8217,152739,0.739473
8218,152750,1.436021
8219,152836,1.382014
8220,152838,0.895501
8221,152858,0.309814
8222,152867,1.385963
8223,152870,0.745738
8224,152878,0.636213
8225,152901,0.371979
8226,152914,0.534193
8227,152920,0.685132
8228,152923,0.7692
8229,152933,1.454121
8230,152969,0.780716
8231,152981,0.541932
8232,153030,0.365589
8233,153031,0.344658
8234,153035,1.268665
8235,153040,1.498048
8236,153047,0.807617
8237,153065,1.238335
8238,153084,0.493626
8239,153095,1.392754
8240,153096,0.900248
8241,153113,0.975835
8242,153121,0.764345
8243,153122,1.273305
8244,153138,0.406601
8245,153164,1.455525
8246,153168,1.085371
8247,153212,0.305254
8248,153225,0.86211
8249,153228,0.686165
8250,153241,1.13953
8251,153243,1.478569
8252,153246,0.796775
8253,153253,1.04231
8254,153256,1.058939
8255,153284,0.64343
8256,153324,1.133025
8257,153326,0.396835
8258,153330,1.150731
8259,153335,0.340896
8260,153338,0.702557
8261,153344,0.305676
8262,153355,0.833322
8263,153376,0.497825
8264,153379,0.970144
8265,153389,0.986465
8266,153402,1.412487
8267,153427,0.400274
8268,153434,0.928323
8269,153453,1.321401
8270,153454,1.019777
8271,153488,0.800085
8272,153495,1.427001
8273,153512,1.393875
8274,153518,1.272287
8275,153545,1.325753
8276,153558,0.658793
8277,153564,1.330279
8278,153572,0.805349
8279,153592,1.176756
8280,153607,1.334781
8281,153621,0.886757
8282,153623,0.649005
8283,153627,0.502075
8284,153633,0.383164
8285,153639,0.803326
8286,153649,1.482748
8287,153657,1.207711
8288,153686,0.782862
8289,153697,1.11533
8290,153708,1.379331
8291,153715,1.340631
8292,153719,1.403493
8293,153723,1.468283
8294,153747,0.423443
8295,153753,1.474422
8296,153759,1.067947
8297,153790,1.057847
8298,153791,0.801513
8299,153827,1.137933
8300,153830,0.999331
8301,153837,0.854593
8302,153868,0.782948
8303,153875,1.012827
8304,153909,1.362571
8305,153912,1.280663
8306,153923,1.356757
8307,153925,0.721085
8308,153932,0.619966
8309,153937,1.427545
8310,153953,1.392938
8311,153973,1.130428
8312,154016,0.710217
8313,154023,0.9001
8314,154072,0.956151
8315,154074,1.449865
8316,154079,1.321614
8317,154082,0.808103
8318,154097,0.451181
8319,154100,1.156176
8320,154169,1.213334
8321,154186,0.815334
8322,154199,0.45442
8323,154204,0.403281
8324,154224,0.328903
8325,154230,0.586969
8326,154232,0.538385
8327,154237,0.437868
8328,154251,1.057489
8329,154300,0.646217
8330,154379,0.526484
8331,154414,1.334993
8332,154415,1.392335
8333,154416,1.321869
8334,154439,1.203325
8335,154463,1.236654
8336,154479,0.681961
8337,154487,1.377663
8338,154489,1.251257
8339,154509,0.357706
8340,154517,0.438343
8341,154530,0.46975
8342,154532,0.726156
8343,154564,0.523886
8344,154567,0.6718
8345,154583,1.215671
8346,154594,1.305038
8347,154595,0.72733
8348,154597,0.661827
8349,154604,0.46979
8350,154610,0.387576
8351,154615,0.645787
8352,154695,1.375025
8353,154705,1.164635
8354,154709,0.698593
8355,154710,1.461808
8356,154724,0.690248
8357,154727,0.362398
8358,154744,0.763328
8359,154754,1.303092
8360,154756,0.660756
8361,154782,1.212201
8362,154805,0.772842
8363,154809,0.424371
8364,154811,1.072131
8365,154829,0.995909
8366,154834,1.132091
8367,154839,0.476132
8368,154862,0.829866
8369,154879,0.6579
8370,154883,0.583021
8371,154896,0.852178
8372,154899,1.360446
8373,154906,0.315031
8374,154940,1.484874
8375,154941,1.18085
8376,154948,1.198163
8377,154954,1.086215
8378,154957,1.487154
8379,154958,1.318366
8380,154973,0.410621
8381,154977,1.0967
8382,154993,0.541631
8383,155001,1.145526
8384,155006,1.124668
8385,155070,1.279344
8386,155102,0.850458
8387,155140,1.189867
8388,155147,0.540108
8389,155170,0.88151
8390,155181,0.658184
8391,155216,0.775514
8392,155232,1.098857
8393,155241,0.534708
8394,155243,1.44245
8395,155250,1.223477
8396,155255,0.814312
8397,155263,0.710244
8398,155269,0.996938
8399,155287,1.128111
8400,155289,0.609661
8401,155296,0.331751
8402,155323,0.945225
8403,155342,0.404982
8404,155344,0.643189
8405,155351,0.440235
8406,155352,0.489551
8407,155356,1.251551
8408,155379,1.379061
8409,155403,0.66014
8410,155425,0.636389
8411,155457,0.985342
8412,155471,0.761709
8413,155488,0.956514
8414,155495,0.678269
8415,155496,1.255917
8416,155498,1.2297
8417,155506,0.769296
8418,155521,1.455331
8419,155522,0.83095
8420,155529,1.272038
8421,155548,0.70124
8422,155552,1.359872
8423,155565,0.437588
8424,155605,0.685341
8425,155613,0.821958
8426,155614,0.503728
8427,155634,0.62569
8428,155660,0.334494
8429,155672,0.680458
8430,155674,0.776635
8431,155678,1.221236
8432,155686,1.103665
8433,155690,1.258375
8434,155715,0.722477
8435,155723,0.464665
8436,155725,0.419153
8437,155732,1.005651
8438,155757,0.993079
8439,155761,1.380207
8440,155762,0.930034
8441,155774,0.795486
8442,155776,0.935122
8443,155780,0.939526
8444,155789,1.463272
8445,155792,0.665451
8446,155794,0.761469
8447,155815,1.387743
8448,155826,1.457013
8449,155877,0.896573
8450,155897,1.045643
8451,155910,0.382605
8452,155914,0.99827
8453,155926,0.631779
8454,155935,1.086977
8455,155938,0.385458
8456,155946,1.203474
8457,155953,1.214551
8458,155955,1.259805
8459,155971,1.240505
8460,155986,0.736822
8461,156000,1.015601
8462,156043,0.558958
8463,156060,0.488268
8464,156061,0.988085
8465,156077,0.445648
8466,156082,0.420733
8467,156090,0.667207
8468,156115,0.652817
8469,156121,0.6446
8470,156124,0.869727
8471,156129,0.699308
8472,156137,1.119015
8473,156141,1.416592
8474,156150,1.496757
8475,156182,1.119892
8476,156215,0.437588
8477,156232,0.736363
8478,156237,1.097947
8479,156248,0.802123
8480,156256,1.069923
8481,156284,1.079224
8482,156290,1.118014
8483,156302,0.638034
8484,156315,1.180876
8485,156328,0.611093
8486,156337,0.781644
8487,156354,0.402341
8488,156386,1.309749
8489,156389,1.165345
8490,156398,1.493548
8491,156404,0.486051
8492,156433,0.83292
8493,156441,0.676966
8494,156450,0.497621
8495,156459,1.226692
8496,156460,0.326577
8497,156468,1.165931
8498,156483,0.985293
8499,156489,0.908101
8500,156491,1.026251
8501,156492,1.318242
8502,156499,0.837818
8503,156510,1.481333
8504,156517,1.277724
8505,156531,0.676731
8506,156560,0.566466
8507,156566,0.586853
8508,156572,1.051224
8509,156596,0.499578
8510,156611,0.784922
8511,156662,1.006502
8512,156690,0.502743
8513,156712,1.352143
8514,156719,1.222204
8515,156723,0.711991
8516,156759,1.031736
8517,156769,0.437563
8518,156785,0.85151
8519,156813,1.373653
8520,156822,1.145094
8521,156825,0.639553
8522,156843,1.368255
8523,156851,0.631741
8524,156899,1.407834
8525,156927,0.447437
8526,156984,1.38133
8527,157036,1.459646
8528,157068,0.685063
8529,157085,1.471801
8530,157100,0.316269
8531,157113,0.945337
8532,157123,1.277761
8533,157129,0.818145
8534,157152,1.286575
8535,157155,1.469592
8536,157161,0.606101
8537,157163,0.954019
8538,157175,0.343559
8539,157192,0.678357
8540,157196,0.8953
8541,157206,1.245015
8542,157251,1.381729
8543,157286,0.842076
8544,157311,1.181546
8545,157319,0.860015
8546,157323,0.386932
8547,157336,0.992216
8548,157342,0.489129
8549,157349,0.342149
8550,157368,0.329306
8551,157378,0.926734
8552,157411,1.492212
8553,157415,0.48868
8554,157418,0.348528
8555,157422,1.282004
8556,157429,0.632612
8557,157467,0.491486
8558,157475,1.185694
8559,157477,1.210774
8560,157500,1.427265
8561,157535,0.30678
8562,157540,1.428834
8563,157547,0.366997
8564,157549,0.719029
8565,157563,0.348203
8566,157564,0.443031
8567,157570,1.028106
8568,157571,1.18829
8569,157577,1.455188
8570,157579,1.173153
8571,157597,1.379682
8572,157612,0.541337
8573,157613,0.857137
8574,157616,1.25409
8575,157621,0.847207
8576,157625,0.450985
8577,157630,1.483182
8578,157700,0.846472
8579,157701,1.360489
8580,157739,1.130863
8581,157741,0.601418
8582,157743,1.361752
8583,157754,1.151247
8584,157764,1.204345
8585,157767,1.441009
8586,157776,0.352995
8587,157816,1.468692
8588,157817,1.271767
8589,157820,0.441121
8590,157824,0.490097
8591,157829,0.569938
8592,157832,0.794868
8593,157867,0.379148
8594,157871,1.452144
8595,157878,1.377094
8596,157885,0.651045
8597,157889,1.377203
8598,157890,0.493337
8599,157938,0.769014
8600,157947,1.309705
8601,157973,0.65004
8602,157974,0.518923
8603,157979,1.133722
8604,158000,1.340975
8605,158106,0.48433
8606,158107,0.922124
8607,158120,0.451873
8608,158124,0.328853
8609,158131,0.342482
8610,158149,0.960713
8611,158160,0.314214
8612,158204,1.362017
8613,158214,1.409769
8614,158221,0.755368
8615,158223,1.170878
8616,158242,0.39636
8617,158272,0.509617
8618,158307,1.446075
8619,158309,1.397622
8620,158310,0.672546
8621,158329,1.011571
8622,158359,1.082169
8623,158368,1.125654
8624,158371,1.27003
8625,158373,1.448444
8626,158395,0.433102
8627,158396,1.232912
8628,158399,1.318976
8629,158404,0.418627
8630,158426,0.942177
8631,158436,1.467222
8632,158439,0.989848
8633,158442,0.499224
8634,158454,0.802842
8635,158466,0.605521
8636,158483,0.914033
8637,158510,1.006429
8638,158525,0.429605
8639,158554,0.990628
8640,158571,0.974268
8641,158593,0.844362
8642,158594,0.69431
8643,158611,0.857023
8644,158628,0.636864
8645,158636,1.041883
8646,158645,0.324231
8647,158652,0.668548
8648,158698,0.817747
8649,158748,0.604751
8650,158761,1.274302
8651,158775,0.907888
8652,158781,1.488633
8653,158809,0.984103
8654,158812,0.395998
8655,158813,0.778295
8656,158815,0.98011
8657,158825,1.183269
8658,158834,0.365955
8659,158848,0.920343
8660,158864,0.483823
8661,158868,0.544193
8662,158873,0.715245
8663,158896,0.637012
8664,158902,1.267504
8665,158909,1.339758
8666,158925,1.08232
8667,158947,1.352468
8668,158953,1.306043
8669,158994,0.329137
8670,159048,1.089938
8671,159050,1.302424
8672,159058,1.170919
8673,159068,1.035926
8674,159080,0.958161
8675,159084,0.687992
8676,159088,0.449307
8677,159108,1.051958
8678,159138,1.298038
8679,159159,0.488837
8680,159192,1.046043
8681,159196,1.491027
8682,159213,1.200744
8683,159225,0.437626
8684,159234,0.377512
8685,159235,0.947228
8686,159270,0.558211
8687,159282,1.335795
8688,159296,1.163963
8689,159312,0.716472
8690,159317,0.911548
8691,159324,0.324978
8692,159325,0.832725
8693,159326,0.336476
8694,159354,1.240115
8695,159356,1.016829
8696,159382,1.015146
8697,159414,0.905397
8698,159461,1.076288
8699,159473,1.20123
8700,159481,1.048682
8701,159483,0.653007
8702,159489,0.414022
8703,159508,0.375989
8704,159513,0.687769
8705,159519,0.637552
8706,159531,1.175245
8707,159533,1.347863
8708,159534,0.788924
8709,159549,0.884667
8710,159566,0.502895
8711,159569,1.153175
8712,159572,1.460321
8713,159593,0.930635
8714,159605,0.863452
8715,159660,0.906564
8716,159675,0.605852
8717,159722,0.928852
8718,159731,0.572015
8719,159732,0.584948
8720,159739,0.664996
8721,159747,1.24813
8722,159774,0.694387
8723,159781,0.97315
8724,159784,0.506393
8725,159796,0.406179
8726,159804,0.357125
8727,159812,0.657134
8728,159898,0.781198
8729,159914,0.971413
8730,159929,1.140673
8731,159959,1.133516
8732,159962,0.69942
8733,159970,0.380375
8734,159975,1.182409
8735,159980,0.382137
8736,159991,0.927555
8737,159995,1.29828
8738,160027,0.995001
8739,160041,0.589894
8740,160057,1.098474
8741,160059,1.417601
8742,160066,0.390485
8743,160087,1.363639
8744,160095,1.412529
8745,160097,1.014058
8746,160098,0.968515
8747,160101,0.546864
8748,160109,0.409043
8749,160119,0.415251
8750,160164,1.328174
8751,160165,0.878094
8752,160175,0.44303
8753,160184,0.334401
8754,160188,1.050181
8755,160194,0.462508
8756,160221,0.546863
8757,160227,0.69946
8758,160237,0.429256
8759,160241,1.221968
8760,160245,1.026082
8761,160267,1.42479
8762,160268,0.715185
8763,160282,1.177054
8764,160318,0.6685
8765,160320,1.018671
8766,160351,0.587312
8767,160357,0.788406
8768,160366,0.594712
8769,160370,1.290386
8770,160383,0.752818
8771,160389,1.226324
8772,160392,1.426472
8773,160394,0.727602
8774,160415,0.605651
8775,160421,0.416358
8776,160431,1.360146
8777,160435,0.664669
8778,160469,0.714478
8779,160491,0.880782
8780,160492,0.72748
8781,160496,1.022687
8782,160504,0.821558
8783,160530,1.030996
8784,160548,0.622451
8785,160575,1.045669
8786,160578,0.702505
8787,160580,0.832327
8788,160592,0.347273
8789,160608,1.095314
8790,160623,1.008854
8791,160626,1.199441
8792,160629,1.133434
8793,160638,0.410023
8794,160643,1.019799
8795,160652,1.404672
8796,160669,1.099177
8797,160678,0.607003
8798,160691,1.293171
8799,160706,0.581307
8800,160724,1.370227
8801,160725,1.065548
8802,160730,0.651589
8803,160731,0.60174
8804,160734,0.457655
8805,160735,1.439195
8806,160755,0.742349
8807,160756,1.223515
8808,160759,1.323104
8809,160765,0.471484
8810,160768,1.164805
8811,160778,0.560233
8812,160779,1.110521
8813,160816,1.092792
8814,160858,0.802283
8815,160874,1.480236
8816,160889,1.33362
8817,160898,1.124396
8818,160910,1.250328
8819,160922,1.286941
8820,160923,0.441143
8821,160928,0.383842
8822,160930,1.047088
8823,160938,0.652054
8824,160946,1.065596
8825,160978,0.850664
8826,160998,0.930399
8827,161029,0.682672
8828,161032,0.703442
8829,161035,0.913217
8830,161040,0.887956
8831,161069,0.769661
8832,161079,0.931679
8833,161093,0.976414
8834,161106,0.730362
8835,161107,0.385149
8836,161109,0.383531
8837,161113,0.391032
8838,161124,1.390069
8839,161128,0.638698
8840,161139,1.164504
8841,161144,1.426111
8842,161151,0.800343
8843,161173,0.986071
8844,161197,1.232973
8845,161203,1.168674
8846,161229,0.816992
8847,161240,0.924261
8848,161252,0.881741
8849,161263,0.625976
8850,161269,0.802118
8851,161271,0.612627
8852,161280,0.582466
8853,161299,0.765904
8854,161332,1.355797
8855,161354,1.148876
8856,161400,0.319724
8857,161413,0.492595
8858,161435,0.53797
8859,161478,1.317311
8860,161519,0.396664
8861,161522,0.625474
8862,161535,1.000572
8863,161538,1.209314
8864,161551,1.254494
8865,161559,0.705578
8866,161564,0.806879
8867,161565,1.300477
8868,161573,0.860701
8869,161577,0.647969
8870,161580,0.92903
8871,161582,0.856057
8872,161583,0.769756
8873,161604,0.503977
8874,161611,1.133767
8875,161612,1.372067
8876,161626,0.968991
8877,161627,1.371554
8878,161665,1.472447
8879,161666,0.941857
8880,161671,0.491169
8881,161675,0.702169
8882,161682,1.258328
8883,161711,0.973526
8884,161738,0.453434
8885,161740,1.396423
8886,161788,0.951286
8887,161803,1.256431
8888,161826,1.064489
8889,161842,1.041874
8890,161852,0.414045
8891,161861,0.976094
8892,161882,1.10196
8893,161915,0.402154
8894,161924,0.491087
8895,161932,1.134579
8896,161959,0.512563
8897,161973,1.126154
8898,161990,0.936068
8899,161996,1.168418
8900,162035,1.086473
8901,162038,0.684437
8902,162039,0.669226
8903,162055,1.48881
8904,162058,0.953995
8905,162065,1.118417
8906,162075,1.445084
8907,162081,0.508722
8908,162082,0.842497
8909,162084,0.356394
8910,162097,1.163493
8911,162101,0.329733
8912,162118,0.89015
8913,162126,1.241525
8914,162166,1.120805
8915,162179,0.814184
8916,162192,1.063366
8917,162195,1.280832
8918,162223,1.053046
8919,162234,1.005462
8920,162247,0.479863
8921,162253,0.825708
8922,162261,1.476882
8923,162278,0.669478
8924,162288,1.099835
8925,162307,1.447352
8926,162319,0.858421
8927,162321,0.514672
8928,162345,1.297816
8929,162379,0.948646
8930,162384,1.099937
8931,162388,0.965153
8932,162389,1.365321
8933,162399,0.715554
8934,162408,1.450861
8935,162420,1.027316
8936,162424,0.809728
8937,162430,1.076223
8938,162437,0.960971
8939,162453,0.9743
8940,162457,0.504747
8941,162459,0.661632
8942,162466,0.665719
8943,162483,0.839512
8944,162484,0.720906
8945,162491,1.407162
8946,162508,0.544067
8947,162509,0.608933
8948,162522,0.791597
8949,162524,0.352772
8950,162545,1.400814
8951,162555,0.75787
8952,162571,1.10435
8953,162589,0.897996
8954,162594,0.546818
8955,162595,0.525372
8956,162607,0.461174
8957,162612,1.177416
8958,162646,0.514085
8959,162655,0.553573
8960,162662,0.338112
8961,162682,1.195176
8962,162701,1.374768
8963,162715,0.675021
8964,162721,1.449678
8965,162722,0.614334
8966,162730,0.510627
8967,162734,0.798466
8968,162757,0.580791
8969,162758,0.347996
8970,162761,0.42111
8971,162765,1.368911
8972,162809,0.367978
8973,162814,1.409605
8974,162820,1.259497
8975,162855,0.480959
8976,162882,1.241306
8977,162912,1.449889
8978,162914,1.004879
8979,162939,0.740124
8980,162951,0.437845
8981,162982,0.732439
8982,163025,0.656681
8983,163073,0.384017
8984,163079,0.678412
8985,163092,1.485364
8986,163099,0.468318
8987,163102,1.449697
8988,163140,0.579851
8989,163143,0.369166
8990,163148,0.747693
8991,163162,0.301702
8992,163194,0.461329
8993,163216,1.000466
8994,163224,1.183712
8995,163263,0.357484
8996,163273,0.656563
8997,163274,1.054874
8998,163302,1.4362
8999,163306,1.017646
9000,163336,0.428328
9001,163340,0.407817
9002,163342,0.488643
9003,163360,0.509069
9004,163362,0.700868
9005,163368,1.002812
9006,163370,0.480626
9007,163381,0.894177
9008,163397,0.821538
9009,163449,0.48525
9010,163453,1.394117
9011,163464,0.890043
9012,163493,0.828429
9013,163499,1.311198
9014,163548,1.000855
9015,163554,1.092367
9016,163556,1.339444
9017,163557,0.639159
9018,163571,0.384156
9019,163572,0.417289
9020,163576,0.886726
9021,163577,1.097666
9022,163580,0.780574
9023,163590,1.175141
9024,163598,1.271106
9025,163611,1.160916
9026,163616,0.560551
9027,163636,1.345015
9028,163656,1.44467
9029,163659,1.306761
9030,163682,1.006947
9031,163689,1.297169
9032,163698,0.932316
9033,163705,0.606692
9034,163714,1.037519
9035,163715,0.941409
9036,163721,0.361191
9037,163732,1.378712
9038,163735,1.457519
9039,163747,0.321541
9040,163750,1.09957
9041,163763,0.382087
9042,163765,0.518991
9043,163789,0.963331
9044,163790,0.980439
9045,163832,0.561282
9046,163836,1.414331
9047,163847,1.413091
9048,163848,0.763363
9049,163853,1.079923
9050,163872,1.152825
9051,163900,0.831196
9052,163905,0.50302
9053,163938,0.912398
9054,163939,0.618839
9055,163968,0.716947
9056,163976,0.942949
9057,163994,0.671133
9058,163996,1.403029
9059,164021,0.748786
9060,164034,0.616058
9061,164038,1.259798
9062,164041,1.062279
9063,164052,1.179178
9064,164055,1.42162
9065,164062,1.485642
9066,164103,0.390102
9067,164128,0.871103
9068,164169,0.47152
9069,164177,0.554144
9070,164187,0.409667
9071,164224,1.498247
9072,164249,1.410029
9073,164272,0.65287
9074,164274,0.856669
9075,164276,1.426772
9076,164284,0.962611
9077,164289,0.369287
9078,164301,1.00837
9079,164304,1.440626
9080,164322,1.129122
9081,164331,0.859317
9082,164332,1.032659
9083,164350,1.008967
9084,164352,1.235804
9085,164354,0.637283
9086,164357,1.145557
9087,164358,0.606913
9088,164371,1.176348
9089,164381,0.80828
9090,164397,1.166138
9091,164434,0.574994
9092,164443,1.192812
9093,164447,0.935186
9094,164450,0.513728
9095,164495,1.233518
9096,164511,0.728565
9097,164517,0.770695
9098,164518,1.487802
9099,164544,1.124525
9100,164549,1.063876
9101,164608,0.317095
9102,164616,0.772914
9103,164632,1.493845
9104,164643,0.950701
9105,164651,0.471975
9106,164652,1.255284
9107,164664,1.038049
9108,164668,1.318316
9109,164670,1.150656
9110,164684,0.954696
9111,164730,1.126566
9112,164736,1.178096
9113,164782,0.925751
9114,164797,1.283941
9115,164807,1.448633
9116,164809,1.356897
9117,164830,0.924918
9118,164851,1.200455
9119,164859,0.659484
9120,164898,0.357567
9121,164924,1.358754
9122,164940,0.899175
9123,164942,1.247773
9124,164951,0.732593
9125,164954,0.884577
9126,164963,0.930721
9127,164969,0.840883
9128,164988,1.316545
9129,165003,0.72628
9130,165006,1.307155
9131,165011,0.92663
9132,165015,0.899121
9133,165019,0.649345
9134,165023,1.263499
9135,165028,1.424787
9136,165056,0.56758
9137,165069,1.450976
9138,165073,0.493643
9139,165079,0.622567
9140,165088,0.665919
9141,165116,0.837147
9142,165127,0.912861
9143,165145,0.394977
9144,165175,1.262902
9145,165183,0.321471
9146,165273,0.378909
9147,165288,1.470442
9148,165294,1.271801
9149,165319,1.17657
9150,165320,1.49417
9151,165337,1.30054
9152,165345,1.093604
9153,165346,0.461325
9154,165417,0.644537
9155,165418,1.335497
9156,165422,1.019345
9157,165425,0.953524
9158,165444,0.750143
9159,165451,0.41586
9160,165453,0.424848
9161,165467,1.037511
9162,165514,0.518766
9163,165524,1.305242
9164,165528,0.555194
9165,165530,0.716443
9166,165537,0.362248
9167,165580,0.75308
9168,165584,1.261446
9169,165615,0.646296
9170,165619,1.35567
9171,165626,1.311449
9172,165628,0.810096
9173,165660,1.416351
9174,165674,1.414256
9175,165677,1.496542
9176,165679,1.44677
9177,165692,0.407484
9178,165697,0.665498
9179,165709,0.365036
9180,165713,0.580722
9181,165722,1.496101
9182,165733,0.855863
9183,165741,1.321369
9184,165749,0.959383
9185,165751,1.16092
9186,165754,1.243652
9187,165755,1.216227
9188,165774,1.211318
9189,165798,1.492267
9190,165799,0.65092
9191,165814,0.363363
9192,165828,0.613893
9193,165829,0.455443
9194,165835,1.001754
9195,165842,0.669112
9196,165843,0.552301
9197,165846,0.968341
9198,165855,1.349697
9199,165862,0.932947
9200,165874,1.012713
9201,165884,1.167883
9202,165886,0.920769
9203,165899,1.156724
9204,165901,0.91643
9205,165904,0.620753
9206,165905,0.6253
9207,165907,0.658236
9208,165918,0.347409
9209,165922,0.842644
9210,165927,0.466281
9211,165930,0.631468
9212,165933,1.473912
9213,165947,0.814587
9214,165956,0.50162
9215,165957,0.918565
9216,165991,0.926851
9217,166014,1.183399
9218,166036,1.230692
9219,166053,0.811341
9220,166054,1.163734
9221,166086,1.201796
9222,166094,1.068966
9223,166106,0.378575
9224,166131,0.327561
9225,166141,0.915091
9226,166161,1.249411
9227,166175,0.521168
9228,166177,0.492472
9229,166192,0.892143
9230,166193,1.109268
9231,166209,0.325884
9232,166226,0.469589
9233,166233,0.87702
9234,166241,1.444268
9235,166260,1.112619
9236,166270,0.671728
9237,166287,0.927552
9238,166289,0.502626
9239,166299,1.128356
9240,166324,0.803804
9241,166338,1.46606
9242,166349,0.349207
9243,166355,1.086984
9244,166365,1.499926
9245,166383,1.25556
9246,166387,0.993358
9247,166388,0.79227
9248,166390,1.344456
9249,166407,1.308535
9250,166427,1.393232
9251,166435,0.975379
9252,166457,0.503107
9253,166476,1.396888
9254,166496,1.175769
9255,166543,0.303384
9256,166548,1.045596
9257,166555,0.973756
9258,166563,1.151795
9259,166584,0.775241
9260,166586,1.298082
9261,166603,1.222358
9262,166605,0.491973
9263,166612,0.360976
9264,166614,0.794151
9265,166615,0.497235
9266,166683,0.801861
9267,166684,1.436964
9268,166713,0.961464
9269,166743,0.590369
9270,166747,0.381345
9271,166757,0.885435
9272,166780,0.760509
9273,166787,0.416419
9274,166794,1.025774
9275,166800,0.700805
9276,166809,0.922938
9277,166819,1.250117
9278,166840,0.99566
9279,166849,0.421895
9280,166865,1.495548
9281,166877,0.702821
9282,166970,0.313067
9283,166982,0.833829
9284,166983,1.468715
9285,167006,0.816203
9286,167011,0.373635
9287,167021,0.396099
9288,167044,0.733233
9289,167046,0.852703
9290,167050,0.465821
9291,167052,0.749007
9292,167054,0.863117
9293,167067,0.883953
9294,167068,0.613169
9295,167072,1.351186
9296,167088,1.227842
9297,167127,0.590521
9298,167135,0.680173
9299,167158,1.046523
9300,167159,1.055336
9301,167163,0.826197
9302,167208,0.806263
9303,167239,0.313068
9304,167249,1.021062
9305,167256,1.287273
9306,167260,0.386491
9307,167264,1.028829
9308,167272,0.844725
9309,167289,1.201828
9310,167297,1.405771
9311,167301,0.705183
9312,167303,0.511689
9313,167312,1.029311
9314,167324,0.545852
9315,167334,0.847167
9316,167342,1.241679
9317,167353,0.708224
9318,167355,0.993588
9319,167367,0.33599
9320,167372,0.80659
9321,167376,1.062097
9322,167384,0.641961
9323,167399,0.831778
9324,167455,0.827413
9325,167468,1.211647
9326,167474,1.415046
9327,167492,1.458779
9328,167513,0.360263
9329,167517,0.507032
9330,167526,0.951179
9331,167534,0.498805
9332,167560,1.051182
9333,167582,0.396117
9334,167587,1.315461
9335,167679,0.862299
9336,167681,1.051634
9337,167699,0.992127
9338,167704,1.035352
9339,167727,1.128088
9340,167800,1.208665
9341,167809,1.005276
9342,167818,1.36617
9343,167822,1.249897
9344,167837,1.358143
9345,167851,0.626799
9346,167864,0.883317
9347,167871,1.486518
9348,167876,0.884826
9349,167891,1.386995
9350,167911,0.443942
9351,167925,0.717676
9352,167939,0.464772
9353,167945,0.476094
9354,167951,0.999541
9355,167971,0.494433
9356,167975,0.806051
9357,167979,0.40376
9358,167981,1.03051
9359,168004,1.395382
9360,168033,0.447119
9361,168044,0.462805
9362,168085,1.386804
9363,168097,0.917909
9364,168099,0.846664
9365,168106,0.623798
9366,168110,1.109636
9367,168151,0.35298
9368,168199,0.577838
9369,168207,1.341961
9370,168217,1.040884
9371,168249,0.38235
9372,168258,1.087622
9373,168262,0.704144
9374,168284,0.31748
9375,168287,1.190503
9376,168288,0.352894
9377,168289,0.77536
9378,168292,1.078228
9379,168299,0.78173
9380,168303,0.774745
9381,168304,1.455371
9382,168321,1.471559
9383,168332,0.482437
9384,168344,1.028241
9385,168350,0.877134
9386,168351,0.877429
9387,168352,1.107518
9388,168361,0.581003
9389,168369,1.003358
9390,168370,1.427563
9391,168380,0.818983
9392,168387,0.729448
9393,168428,0.677525
9394,168431,1.481162
9395,168452,1.344763
9396,168462,1.116838
9397,168467,0.782116
9398,168484,0.872393
9399,168508,0.880752
9400,168537,0.802234
9401,168539,0.44574
9402,168549,1.400912
9403,168587,0.686157
9404,168610,0.646234
9405,168611,0.592636
9406,168621,1.075849
9407,168643,1.34536
9408,168658,0.504157
9409,168659,0.441502
9410,168661,1.43281
9411,168683,1.398768
9412,168690,0.407212
9413,168700,0.398399
9414,168701,0.63107
9415,168754,1.347901
9416,168755,1.002088
9417,168759,0.98453
9418,168785,1.151058
9419,168786,1.124267
9420,168791,0.646649
9421,168816,0.378995
9422,168824,1.417627
9423,168828,1.367811
9424,168842,0.404846
9425,168854,0.360958
9426,168857,0.77525
9427,168870,1.387832
9428,168871,0.375166
9429,168876,1.12014
9430,168903,0.54399
9431,168913,1.282221
9432,168936,0.323768
9433,168957,1.132511
9434,168961,0.708502
9435,168993,1.103436
9436,168996,0.934308
9437,168999,0.625969
9438,169035,1.164194
9439,169037,1.135998
9440,169060,0.983803
9441,169075,1.492084
9442,169109,1.297566
9443,169116,1.406953
9444,169120,0.957352
9445,169162,0.621931
9446,169171,1.442049
9447,169173,0.418267
9448,169174,1.380911
9449,169177,0.598621
9450,169194,0.891209
9451,169203,0.877545
9452,169206,0.887946
9453,169225,1.132143
9454,169229,0.986164
9455,169252,0.520441
9456,169264,1.290263
9457,169283,1.493062
9458,169286,0.79837
9459,169311,0.826944
9460,169315,1.173609
9461,169354,0.739954
9462,169357,0.988687
9463,169388,0.721088
9464,169410,1.377472
9465,169430,0.792789
9466,169437,1.337844
9467,169452,0.731076
9468,169484,1.306213
9469,169488,0.86368
9470,169505,0.933013
9471,169515,1.012332
9472,169521,1.256648
9473,169532,0.978284
9474,169548,0.586171
9475,169568,1.158371
9476,169570,1.470324
9477,169574,1.25
9478,169582,1.02997
9479,169588,1.199724
9480,169592,1.152047
9481,169605,0.772129
9482,169613,0.319899
9483,169632,1.269796
9484,169657,0.895298
9485,169658,1.391194
9486,169659,0.927682
9487,169662,0.39855
9488,169675,1.342252
9489,169685,0.704706
9490,169689,1.079288
9491,169693,0.757663
9492,169767,0.744696
9493,169786,0.594005
9494,169798,1.158291
9495,169804,0.402866
9496,169806,1.340901
9497,169825,0.666047
9498,169840,0.571784
9499,169864,0.307441
9500,169867,1.353428
9501,169872,0.880309
9502,169874,1.012149
9503,169880,0.464559
9504,169890,0.965967
9505,169894,0.855655
9506,169899,0.48333
9507,169907,0.813607
9508,169920,1.482496
9509,169961,0.37934
9510,169969,0.88636
9511,170014,0.890681
9512,170100,0.832316
9513,170112,0.517286
9514,170117,0.739415
9515,170122,1.074863
9516,170135,0.360921
9517,170150,1.13027
9518,170190,0.396732
9519,170194,0.788999
9520,170199,0.735993
9521,170202,1.365829
9522,170210,0.417832
9523,170227,0.673779
9524,170230,0.676177
9525,170233,1.327758
9526,170240,1.484033
9527,170244,1.316909
9528,170249,0.579713
9529,170253,0.657218
9530,170262,1.168521
9531,170274,1.302296
9532,170327,1.117459
9533,170338,0.644875
9534,170362,0.715289
9535,170363,1.035893
9536,170369,1.463638
9537,170400,1.45681
9538,170443,0.365468
9539,170445,1.021163
9540,170481,0.546781
9541,170494,0.468829
9542,170555,0.49951
9543,170559,1.085281
9544,170565,0.78913
9545,170580,0.394571
9546,170590,0.5882
9547,170594,1.00943
9548,170595,0.54039
9549,170611,0.324426
9550,170627,0.322417
9551,170647,0.793343
9552,170667,1.272739
9553,170677,0.893294
9554,170695,0.448278
9555,170750,1.381547
9556,170753,1.352211
9557,170754,0.397419
9558,170788,0.817532
9559,170799,0.39836
9560,170823,0.82552
9561,170829,0.98834
9562,170831,0.523434
9563,170847,1.457278
9564,170857,1.1771
9565,170871,0.667624
9566,170884,0.856516
9567,170888,1.396498
9568,170931,0.610162
9569,170932,0.396179
9570,170967,1.199508
9571,170983,0.474799
9572,170989,0.672191
9573,170991,1.349055
9574,170994,1.313292
9575,171028,1.21348
9576,171041,0.904598
9577,171046,0.557054
9578,171049,0.5619
9579,171100,0.504121
9580,171118,0.500166
9581,171127,1.082248
9582,171133,0.667509
9583,171148,1.480025
9584,171158,1.357493
9585,171169,0.582547
9586,171175,0.862744
9587,171194,0.775448
9588,171207,1.42453
9589,171222,0.632379
9590,171254,0.389865
9591,171265,0.654448
9592,171298,1.232732
9593,171309,0.473081
9594,171316,0.559223
9595,171318,1.040716
9596,171339,0.43884
9597,171343,1.074964
9598,171354,0.340404
9599,171358,0.865488
9600,171359,0.84808
9601,171365,0.488298
9602,171392,1.184747
9603,171421,0.591901
9604,171427,1.439115
9605,171437,0.557933
9606,171440,1.159816
9607,171452,1.23057
9608,171472,1.157283
9609,171479,0.517914
9610,171484,0.669967
9611,171492,0.573276
9612,171506,0.927202
9613,171508,1.137672
9614,171509,0.609776
9615,171511,0.371754
9616,171515,1.283277
9617,171520,0.621462
9618,171537,0.553832
9619,171541,1.156159
9620,171549,0.485142
9621,171557,1.203302
9622,171613,0.8582
9623,171620,1.236732
9624,171630,1.238834
9625,171655,1.334411
9626,171667,0.67423
9627,171669,1.011076
9628,171671,0.880078
9629,171675,1.000151
9630,171699,0.501748
9631,171713,1.169816
9632,171735,1.422019
9633,171737,0.617887
9634,171778,1.231661
9635,171780,0.478921
9636,171835,1.033746
9637,171853,0.45026
9638,171867,1.28342
9639,171885,0.30344
9640,171897,1.305846
9641,171900,0.648964
9642,171907,1.330749
9643,171919,0.882055
9644,171929,0.643497
9645,171936,1.264646
9646,171946,0.697093
9647,171981,1.27084
9648,171990,1.18828
9649,172005,1.200741
9650,172014,1.45784
9651,172027,0.796248
9652,172029,0.647552
9653,172047,1.344034
9654,172057,1.097304
9655,172069,0.512694
9656,172099,0.556704
9657,172114,0.585798
9658,172145,1.320576
9659,172148,1.3059
9660,172154,1.349331
9661,172172,1.362812
9662,172189,1.47144
9663,172208,0.631134
9664,172225,1.20663
9665,172233,0.520965
9666,172238,0.53771
9667,172282,1.356046
9668,172288,1.127508
9669,172301,0.368515
9670,172309,1.281067
9671,172342,0.652262
9672,172350,1.044925
9673,172361,0.365891
9674,172391,1.242253
9675,172442,1.434601
9676,172510,0.362562
9677,172531,1.047606
9678,172542,1.35715
9679,172595,0.554215
9680,172603,0.770133
9681,172611,1.272165
9682,172637,1.288793
9683,172638,0.736235
9684,172644,0.744238
9685,172677,0.635102
9686,172683,0.597771
9687,172699,1.265871
9688,172715,1.287849
9689,172749,1.068817
9690,172770,0.761434
9691,172779,0.941501
9692,172795,0.399302
9693,172800,0.306296
9694,172803,1.018601
9695,172823,1.292343
9696,172836,0.900327
9697,172853,0.572717
9698,172873,0.327674
9699,172878,1.062985
9700,172890,0.41559
9701,172902,0.95645
9702,172908,1.48975
9703,172939,1.360123
9704,172942,1.474006
9705,172967,0.894545
9706,173023,1.342803
9707,173061,0.730057
9708,173078,1.077871
9709,173079,0.635161
9710,173097,0.569582
9711,173098,0.315715
9712,173113,1.406685
9713,173157,1.151142
9714,173167,0.402981
9715,173186,1.155408
9716,173192,0.682543
9717,173197,0.841586
9718,173200,1.24802
9719,173212,0.303653
9720,173216,1.134699
9721,173226,0.472987
9722,173231,1.190583
9723,173238,0.877672
9724,173240,1.140346
9725,173242,1.230929
9726,173245,0.85613
9727,173267,0.81995
9728,173284,0.927739
9729,173289,1.289343
9730,173291,0.75116
9731,173299,1.088645
9732,173303,0.708201
9733,173309,0.303415
9734,173314,0.756879
9735,173318,0.745836
9736,173319,1.037017
9737,173323,1.393157
9738,173341,0.975771
9739,173352,0.501583
9740,173358,1.204361
9741,173361,1.323042
9742,173402,1.057237
9743,173404,0.854429
9744,173452,0.347762
9745,173468,1.152262
9746,173475,0.393935
9747,173477,1.380377
9748,173489,1.444814
9749,173496,1.033615
9750,173502,0.589106
9751,173512,0.306691
9752,173513,0.333922
9753,173520,1.294541
9754,173536,0.764766
9755,173542,0.511962
9756,173552,0.353653
9757,173565,1.070373
9758,173580,0.484
9759,173602,0.913658
9760,173617,1.461824
9761,173643,1.343642
9762,173649,1.441687
9763,173651,0.631849
9764,173659,0.304438
9765,173661,0.3137
9766,173667,1.132115
9767,173674,0.935764
9768,173725,0.821887
9769,173727,1.391205
9770,173754,0.717293
9771,173760,0.989318
9772,173761,1.069256
9773,173764,1.15955
9774,173786,1.216803
9775,173821,1.151264
9776,173826,0.541069
9777,173875,0.685023
9778,173883,0.992219
9779,173887,0.728938
9780,173915,0.831059
9781,173920,1.329949
9782,173924,0.766393
9783,173929,1.314984
9784,173932,0.678782
9785,173981,1.370018
9786,173982,0.623999
9787,174013,1.432818
9788,174021,1.371983
9789,174031,0.693724
9790,174032,0.965319
9791,174056,0.528171
9792,174057,0.618008
9793,174058,0.679955
9794,174062,0.399378
9795,174095,0.795193
9796,174105,1.409853
9797,174109,0.892251
9798,174120,1.313728
9799,174122,0.734082
9800,174133,1.316776
9801,174134,1.495351
9802,174148,0.604961
9803,174154,1.13738
9804,174155,0.911329
9805,174158,1.408328
9806,174171,0.558778
9807,174195,1.210201
9808,174198,0.462825
9809,174223,1.285943
9810,174227,0.347908
9811,174237,0.941618
9812,174249,1.150983
9813,174253,0.927457
9814,174264,0.518967
9815,174287,0.676691
9816,174315,1.220858
9817,174320,0.861989
9818,174343,1.490985
9819,174348,0.853785
9820,174351,0.551404
9821,174353,1.446284
9822,174369,0.677903
9823,174371,0.476462
9824,174386,1.455567
9825,174402,1.254258
9826,174426,0.752385
9827,174446,0.753138
9828,174458,1.197138
9829,174460,1.379316
9830,174465,0.832512
9831,174480,0.944934
9832,174483,1.246898
9833,174499,1.45587
9834,174508,0.303072
9835,174529,0.602892
9836,174531,1.0958
9837,174567,1.347638
9838,174577,0.340485
9839,174598,1.207148
9840,174609,1.257397
9841,174611,0.990529
9842,174648,1.04108
9843,174655,0.508858
9844,174659,1.245286
9845,174730,1.183131
9846,174749,0.84844
9847,174750,1.130173
9848,174759,1.223969
9849,174762,1.098787
9850,174766,0.896942
9851,174767,0.915975
9852,174774,1.074884
9853,174778,0.728455
9854,174786,1.216727
9855,174803,1.326576
9856,174804,1.244934
9857,174827,1.48213
9858,174839,0.952733
9859,174853,0.977347
9860,174860,1.168502
9861,174861,0.345355
9862,174864,0.313869
9863,174890,0.757762
9864,174894,0.837093
9865,174909,1.052419
9866,174910,0.331921
9867,174924,0.507937
9868,174926,1.261449
9869,174936,0.451587
9870,174951,0.554388
9871,174963,0.676136
9872,174965,0.792328
9873,174969,0.320541
9874,175001,0.371399
9875,175012,0.383626
9876,175019,0.750929
9877,175020,0.834757
9878,175026,0.947817
9879,175027,1.211576
9880,175036,0.369585
9881,175051,0.614468
9882,175078,1.304823
9883,175110,0.876348
9884,175130,1.220623
9885,175140,0.948267
9886,175173,0.833194
9887,175176,0.318732
9888,175179,0.402594
9889,175181,0.852058
9890,175200,1.091188
9891,175203,1.047495
9892,175220,1.300401
9893,175236,0.951265
9894,175253,0.580832
9895,175271,0.787288
9896,175277,0.497933
9897,175278,0.647388
9898,175282,1.013779
9899,175288,0.417221
9900,175293,1.218515
9901,175301,0.454549
9902,175310,0.377403
9903,175354,0.418645
9904,175367,1.018656
9905,175395,1.396171
9906,175428,1.412068
9907,175445,1.476638
9908,175450,0.908232
9909,175474,1.293595
9910,175487,1.425662
9911,175499,1.2436
9912,175511,0.39747
9913,175524,1.187529
9914,175534,1.250534
9915,175538,1.111406
9916,175547,0.487532
9917,175552,1.461736
9918,175566,1.396325
9919,175598,0.496286
9920,175600,1.419502
9921,175610,1.071434
9922,175619,1.277058
9923,175641,1.160427
9924,175648,1.475182
9925,175663,0.865034
9926,175669,1.107931
9927,175672,1.066194
9928,175681,1.108652
9929,175702,0.748035
9930,175716,0.418296
9931,175756,1.168025
9932,175762,1.351787
9933,175817,0.817011
9934,175825,1.146276
9935,175826,0.647189
9936,175840,0.623032
9937,175856,0.908475
9938,175876,1.305656
9939,175900,0.574621
9940,175906,1.139505
9941,175927,1.460653
9942,175941,0.725037
9943,175954,1.364675
9944,175966,1.295935
9945,175969,1.411421
9946,176006,0.602171
9947,176014,1.342186
9948,176030,0.604769
9949,176031,1.401113
9950,176043,1.097672
9951,176059,0.858411
9952,176062,1.036402
9953,176080,1.349273
9954,176100,0.521882
9955,176102,0.319069
9956,176108,1.142759
9957,176109,0.619276
9958,176135,1.299509
9959,176141,1.19931
9960,176175,1.06099
9961,176178,0.574496
9962,176184,1.096483
9963,176196,1.368195
9964,176203,0.666739
9965,176210,1.226331
9966,176220,0.702533
9967,176224,0.764472
9968,176299,0.793665
9969,176312,0.57674
9970,176336,1.093619
9971,176341,1.27788
9972,176389,0.390527
9973,176405,0.930724
9974,176419,1.11042
9975,176443,1.38525
9976,176446,1.018202
9977,176452,0.666258
9978,176456,1.240639
9979,176493,1.435056
9980,176494,0.65547
9981,176515,1.259512
9982,176519,1.328386
9983,176548,0.417705
9984,176555,1.038174
9985,176614,1.402278
9986,176615,0.373627
9987,176618,0.589379
9988,176622,0.599452
9989,176637,0.794725
9990,176641,0.494524
9991,176643,0.857999
9992,176645,1.125635
9993,176649,0.423544
9994,176650,1.361261
9995,176663,0.667641
9996,176679,0.779294
9997,176683,0.711803
9998,176689,1.494304
9999,176691,0.986602
10000,176693,1.076552
10001,176758,0.512598
10002,176766,0.440987
10003,176771,1.027834
10004,176783,0.524546
10005,176791,0.695971
10006,176807,0.463131
10007,176824,1.498654
10008,176829,1.094599
10009,176841,0.681077
10010,176844,1.475109
10011,176855,1.11275
10012,176869,0.89396
10013,176878,0.933657
10014,176899,1.157221
10015,176915,1.198909
10016,176922,0.798832
10017,176932,0.83817
10018,176968,0.891677
10019,176977,0.930745
10020,176983,0.719145
10021,176992,0.876516
10022,177007,1.338055
10023,177042,0.742776
10024,177051,1.028836
10025,177065,0.467179
10026,177084,1.046266
10027,177105,1.105131
10028,177129,1.111366
10029,177156,0.80693
10030,177166,1.118923
10031,177167,0.729679
10032,177207,1.35646
10033,177223,0.661276
10034,177228,0.972799
10035,177237,1.075609
10036,177238,0.754682
10037,177249,1.033432
10038,177251,0.435384
10039,177260,0.650971
10040,177271,1.450558
10041,177282,0.746732
10042,177292,0.955463
10043,177300,0.837048
10044,177310,0.827633
10045,177317,1.006553
10046,177337,0.431527
10047,177342,1.030619
10048,177345,0.877524
10049,177349,0.616528
10050,177367,0.464514
10051,177379,1.274978
10052,177400,0.410078
10053,177418,1.462521
10054,177433,0.401957
10055,177468,1.141223
10056,177504,1.344164
10057,177512,0.998331
10058,177516,1.050446
10059,177527,1.07753
10060,177542,1.29466
10061,177563,0.321061
10062,177567,0.343237
10063,177580,0.799485
10064,177599,0.594408
10065,177640,1.365188
10066,177641,0.712535
10067,177667,1.466516
10068,177711,0.800483
10069,177713,1.361637
10070,177718,0.65099
10071,177734,0.675047
10072,177749,0.526176
10073,177750,1.413888
10074,177752,1.43457
10075,177756,0.775407
10076,177765,0.914872
10077,177766,0.642053
10078,177784,0.587835
10079,177788,0.454244
10080,177789,1.027705
10081,177791,0.475431
10082,177804,0.772514
10083,177808,0.974114
10084,177809,0.53615
10085,177827,1.253615
10086,177833,1.006822
10087,177851,1.209646
10088,177853,0.393179
10089,177862,1.220376
10090,177875,1.494455
10091,177903,0.694095
10092,177923,1.306494
10093,177937,0.797282
10094,177947,1.058811
10095,177972,0.843908
10096,177974,1.487916
10097,177986,0.365316
10098,177994,0.872292
10099,178004,0.765434
10100,178023,0.415922
10101,178047,1.208258
10102,178048,1.160752
10103,178055,0.35602
10104,178057,1.408339
10105,178071,1.109145
10106,178074,0.82412
10107,178086,0.65349
10108,178093,0.392764
10109,178094,1.154288
10110,178107,1.010365
10111,178114,0.524136
10112,178126,1.176788
10113,178128,0.39091
10114,178141,0.54553
10115,178164,1.034167
10116,178169,0.3005
10117,178171,0.509544
10118,178180,0.387426
10119,178191,0.311194
10120,178228,0.570729
10121,178243,1.292199
10122,178257,0.949819
10123,178264,0.75147
10124,178310,0.536644
10125,178320,0.661552
10126,178323,0.948467
10127,178349,0.336831
10128,178352,0.662446
10129,178354,0.634541
10130,178363,1.273175
10131,178366,0.466192
10132,178369,0.867686
10133,178377,0.692951
10134,178403,0.960717
10135,178423,0.516418
10136,178424,1.390826
10137,178427,0.549745
10138,178438,0.954483
10139,178484,0.587429
10140,178522,0.69774
10141,178523,1.275562
10142,178536,1.341833
10143,178562,0.629081
10144,178576,1.495867
10145,178600,0.899452
10146,178602,0.699259
10147,178613,0.783052
10148,178621,1.420922
10149,178638,1.100809
10150,178660,0.859705
10151,178682,1.095828
10152,178702,0.767521
10153,178705,1.403961
10154,178720,0.627331
10155,178730,1.198703
10156,178751,1.082815
10157,178761,1.238395
10158,178763,0.329603
10159,178770,1.498902
10160,178782,0.524815
10161,178785,0.528527
10162,178885,0.520222
10163,178889,0.305099
10164,178900,0.812804
10165,178910,0.748978
10166,178913,0.3646
10167,178921,0.91017
10168,178922,0.564429
10169,178932,0.576445
10170,178944,0.354437
10171,178954,0.364818
10172,178965,0.7015
10173,178968,1.066917
10174,178973,1.121732
10175,178981,1.42875
10176,178985,0.868908
10177,178988,0.383567
10178,178989,1.226874
10179,178991,1.083131
10180,179019,1.243238
10181,179026,0.953382
10182,179029,1.369219
10183,179030,0.892648
10184,179031,1.102197
10185,179035,0.501987
10186,179074,0.881495
10187,179092,1.247267
10188,179095,0.404292
10189,179097,0.366709
10190,179116,0.782731
10191,179123,0.733387
10192,179145,1.48444
10193,179253,0.754892
10194,179268,0.373548
10195,179269,0.667127
10196,179272,1.06328
10197,179295,0.672218
10198,179316,0.964032
10199,179328,0.305537
10200,179333,0.307483
10201,179341,1.39082
10202,179342,1.266285
10203,179352,0.750301
10204,179366,0.343307
10205,179368,0.338103
10206,179401,1.086716
10207,179406,1.408225
10208,179440,0.448488
10209,179470,0.742355
10210,179485,1.189153
10211,179493,0.844144
10212,179496,0.89478
10213,179576,0.476004
10214,179608,0.960933
10215,179611,0.702858
10216,179645,0.669465
10217,179647,1.479075
10218,179652,1.284483
10219,179654,0.74879
10220,179664,0.831897
10221,179673,0.337202
10222,179678,0.632425
10223,179683,1.32884
10224,179715,0.580413
10225,179728,0.416014
10226,179765,1.46362
10227,179772,0.82268
10228,179774,0.410098
10229,179806,0.918122
10230,179812,1.128335
10231,179846,0.432837
10232,179851,0.743264
10233,179857,0.585742
10234,179875,0.74785
10235,179877,1.250983
10236,179882,0.783367
10237,179919,0.583401
10238,179933,1.338352
10239,179946,0.555486
10240,179948,0.416941
10241,179959,0.982736
10242,179966,1.350697
10243,179995,1.168265
10244,179998,1.485686
10245,180028,1.287214
10246,180033,0.859276
10247,180034,0.692291
10248,180060,1.24502
10249,180061,0.821826
10250,180074,0.489251
10251,180108,1.263384
10252,180114,1.335727
10253,180136,0.39715
10254,180138,0.878902
10255,180186,0.927836
10256,180222,0.687174
10257,180234,1.368822
10258,180240,1.423572
10259,180245,0.724011
10260,180251,1.14959
10261,180252,1.06284
10262,180254,0.473929
10263,180258,0.667614
10264,180261,0.868673
10265,180279,0.786088
10266,180288,0.596581
10267,180324,1.402889
10268,180325,0.385858
10269,180354,0.708492
10270,180383,0.306281
10271,180407,1.271636
10272,180424,0.529433
10273,180425,0.771946
10274,180427,0.89898
10275,180428,1.246094
10276,180430,1.429387
10277,180468,1.296846
10278,180475,1.319645
10279,180476,0.61831
10280,180487,1.441548
10281,180490,1.272406
10282,180507,0.897074
10283,180517,0.732522
10284,180543,0.397442
10285,180556,1.31155
10286,180565,1.248646
10287,180566,0.844745
10288,180571,1.196217
10289,180576,1.395908
10290,180606,0.947945
10291,180610,1.452765
10292,180631,0.687198
10293,180650,1.420432
10294,180663,0.806775
10295,180668,0.515065
10296,180689,1.306617
10297,180700,1.372112
10298,180707,0.76751
10299,180710,1.150826
10300,180720,1.341414
10301,180727,0.841362
10302,180746,1.223814
10303,180769,1.077472
10304,180790,1.19818
10305,180794,1.389539
10306,180804,0.759416
10307,180812,0.546332
10308,180829,0.885912
10309,180840,1.023875
10310,180848,1.426511
10311,180851,1.163437
10312,180856,1.250399
10313,180876,1.043568
10314,180894,0.86475
10315,180918,1.185876
10316,180933,0.325499
10317,180935,0.383855
10318,180941,0.400636
10319,180959,0.859502
10320,180966,0.874362
10321,180969,0.541472
10322,180985,0.472764
10323,180988,0.972706
10324,181002,1.033146
10325,181028,0.370319
10326,181032,0.423904
10327,181077,0.678511
10328,181084,1.474269
10329,181096,0.840456
10330,181124,1.492926
10331,181129,1.139453
10332,181152,0.970089
10333,181168,0.423423
10334,181211,0.307912
10335,181223,0.734272
10336,181229,1.028744
10337,181230,1.159839
10338,181240,1.081032
10339,181246,0.569207
10340,181249,0.529427
10341,181256,1.234184
10342,181264,1.021123
10343,181266,0.503759
10344,181267,1.383845
10345,181293,1.301802
10346,181325,0.601116
10347,181331,0.556721
10348,181335,0.870596
10349,181354,0.30768
10350,181358,1.240329
10351,181378,0.364556
10352,181394,0.68706
10353,181413,1.277828
10354,181423,0.706847
10355,181424,1.457814
10356,181442,0.630373
10357,181464,1.141921
10358,181469,1.441926
10359,181478,1.209474
10360,181507,0.94662
10361,181527,1.157234
10362,181532,0.722815
10363,181533,0.339168
10364,181534,0.939228
10365,181565,1.176225
10366,181582,0.415679
10367,181589,0.508244
10368,181625,0.324759
10369,181630,0.826636
10370,181666,1.346209
10371,181686,0.615644
10372,181689,1.073422
10373,181698,0.665845
10374,181707,1.283362
10375,181721,1.390466
10376,181727,0.466452
10377,181770,0.737862
10378,181782,1.168788
10379,181795,0.617488
10380,181799,0.994535
10381,181811,0.377592
10382,181819,0.376822
10383,181823,1.147691
10384,181830,0.393355
10385,181877,1.234009
10386,181910,1.189088
10387,181971,0.693429
10388,181987,0.524727
10389,182001,0.538781
10390,182005,0.826079
10391,182046,1.344451
10392,182062,0.97258
10393,182066,0.636171
10394,182070,0.829335
10395,182096,1.07661
10396,182118,0.917341
10397,182125,1.210054
10398,182131,1.307066
10399,182135,0.98258
10400,182163,0.659982
10401,182175,0.948895
10402,182177,0.463116
10403,182178,0.796898
10404,182194,1.483269
10405,182204,1.412684
10406,182216,0.94716
10407,182228,1.112677
10408,182230,1.068294
10409,182246,0.396011
10410,182263,1.317736
10411,182270,0.515922
10412,182279,0.450693
10413,182308,0.385393
10414,182309,1.37747
10415,182321,0.614502
10416,182323,0.310712
10417,182331,1.491439
10418,182335,1.170767
10419,182337,0.63923
10420,182338,0.425089
10421,182379,0.89694
10422,182386,0.564661
10423,182390,0.506942
10424,182393,0.626587
10425,182396,1.063323
10426,182400,1.209148
10427,182422,1.107596
10428,182444,0.309245
10429,182447,0.40611
10430,182449,1.167792
10431,182450,1.205676
10432,182452,0.353582
10433,182457,0.772715
10434,182467,0.659936
10435,182472,0.823108
10436,182502,1.450243
10437,182546,1.237164
10438,182549,1.236863
10439,182553,0.609954
10440,182572,1.390464
10441,182579,0.315609
10442,182590,1.31474
10443,182599,0.864902
10444,182635,0.806648
10445,182646,0.676982
10446,182669,0.684324
10447,182677,1.381307
10448,182695,0.992709
10449,182726,0.874353
10450,182735,0.410533
10451,182736,1.212791
10452,182748,0.904451
10453,182774,1.468981
10454,182779,1.206407
10455,182783,0.363283
10456,182787,1.152701
10457,182793,1.226114
10458,182803,0.540359
10459,182808,1.473226
10460,182811,0.752436
10461,182812,0.951657
10462,182816,0.33819
10463,182822,0.948648
10464,182843,0.992753
10465,182872,1.290542
10466,182874,0.424391
10467,182878,1.199253
10468,182882,0.704797
10469,182889,1.320407
10470,182918,1.410575
10471,182939,1.326857
10472,182958,1.229958
10473,182983,1.344177
10474,182993,0.415565
10475,183001,0.315804
10476,183021,1.188644
10477,183034,1.028103
10478,183058,0.974046
10479,183070,0.683398
10480,183087,0.735653
10481,183096,0.732837
10482,183108,0.527088
10483,183137,1.293868
10484,183152,0.420428
10485,183154,0.478416
10486,183174,0.374672
10487,183179,0.753187
10488,183185,0.832188
10489,183186,0.630246
10490,183189,0.621383
10491,183193,0.930498
10492,183195,0.784655
10493,183227,0.947929
10494,183237,0.961005
10495,183242,0.97316
10496,183248,0.623582
10497,183251,1.476073
10498,183317,0.901717
10499,183323,1.165912
10500,183380,1.459298
10501,183437,0.518661
10502,183440,0.84044
10503,183455,1.440858
10504,183460,1.479832
10505,183473,0.502334
10506,183488,0.479267
10507,183502,0.631308
10508,183505,1.446383
10509,183529,1.18765
10510,183539,0.772063
10511,183554,0.376374
10512,183564,0.509844
10513,183565,1.117209
10514,183646,0.451167
10515,183667,0.344345
10516,183686,0.848399
10517,183697,0.506443
10518,183706,1.200505
10519,183711,0.508934
10520,183725,0.721399
10521,183726,1.228357
10522,183731,0.912033
10523,183734,0.319123
10524,183737,0.80498
10525,183742,1.459898
10526,183754,0.716004
10527,183756,1.366352
10528,183762,0.611252
10529,183772,1.450413
10530,183802,0.323057
10531,183816,1.40856
10532,183818,1.190886
10533,183824,0.651115
10534,183828,0.703306
10535,183829,1.083521
10536,183848,0.406333
10537,183854,1.333163
10538,183862,1.202234
10539,183865,0.720642
10540,183932,1.17062
10541,183940,0.908785
10542,183954,0.784418
10543,183966,0.472978
10544,183982,1.078016
10545,183988,1.08953
10546,184005,0.340428
10547,184013,0.76252
10548,184019,0.811191
10549,184045,1.364107
10550,184055,0.589982
10551,184058,0.615521
10552,184064,1.461137
10553,184070,0.328522
10554,184093,1.173591
10555,184135,0.310088
10556,184143,1.237222
10557,184158,0.56726
10558,184206,1.107552
10559,184229,1.024556
10560,184236,0.37866
10561,184239,0.636846
10562,184242,0.661897
10563,184243,1.409797
10564,184244,1.018967
10565,184277,1.24248
10566,184321,1.057054
10567,184334,1.407571
10568,184357,0.917301
10569,184360,0.861981
10570,184362,0.780065
10571,184382,0.958204
10572,184404,1.45137
10573,184407,0.977937
10574,184415,0.586612
10575,184424,0.470547
10576,184432,1.01025
10577,184446,1.021381
10578,184447,0.323814
10579,184453,1.037993
10580,184460,0.905779
10581,184471,1.253669
10582,184514,1.377444
10583,184541,0.304153
10584,184561,0.447639
10585,184579,0.901982
10586,184599,1.163183
10587,184601,1.459862
10588,184602,0.967227
10589,184617,1.221842
10590,184629,1.008291
10591,184651,1.03025
10592,184666,0.80606
10593,184686,1.130994
10594,184691,0.932145
10595,184698,0.596243
10596,184741,0.569768
10597,184750,1.499575
10598,184766,1.116199
10599,184767,1.19024
10600,184780,0.395855
10601,184781,0.653037
10602,184795,0.525693
10603,184799,1.168067
10604,184802,1.210312
10605,184825,0.725952
10606,184832,1.375634
10607,184863,1.036983
10608,184868,1.092803
10609,184892,1.075334
10610,184908,1.142762
10611,184911,1.364475
10612,184926,1.405087
10613,184940,1.498781
10614,184964,1.166658
10615,184984,0.837816
10616,184993,0.474328
10617,184996,0.489588
10618,185001,1.375433
10619,185015,1.330801
10620,185016,1.414567
10621,185052,1.034248
10622,185076,0.485766
10623,185088,0.763589
10624,185089,0.66916
10625,185092,0.846484
10626,185094,0.908125
10627,185097,1.372978
10628,185137,0.55719
10629,185159,0.476299
10630,185166,0.709188
10631,185168,1.438494
10632,185177,0.468185
10633,185188,1.372497
10634,185195,1.256967
10635,185200,1.434935
10636,185219,0.351016
10637,185227,0.413369
10638,185241,0.81692
10639,185245,0.341212
10640,185266,1.348693
10641,185274,1.42022
10642,185275,1.458208
10643,185281,0.320744
10644,185314,1.208853
10645,185317,1.483286
10646,185319,1.257378
10647,185364,1.211698
10648,185369,1.095882
10649,185370,0.442285
10650,185383,0.321825
10651,185404,1.156428
10652,185410,1.081324
10653,185418,0.536809
10654,185441,0.505918
10655,185445,0.994407
10656,185451,1.22825
10657,185456,1.162266
10658,185457,1.193538
10659,185477,1.137398
10660,185487,0.611688
10661,185522,0.97614
10662,185535,0.720472
10663,185576,0.455168
10664,185596,0.373099
10665,185623,0.453939
10666,185646,1.428166
10667,185654,1.055542
10668,185669,1.332121
10669,185670,1.296242
10670,185689,0.673297
10671,185704,1.059757
10672,185707,1.381104
10673,185725,0.646749
10674,185730,0.382884
10675,185751,1.414186
10676,185765,0.977589
10677,185771,1.434177
10678,185781,0.804215
10679,185787,0.814598
10680,185799,1.399831
10681,185810,0.377033
10682,185820,0.552788
10683,185829,0.476469
10684,185877,0.501208
10685,185901,0.611281
10686,185918,1.012119
10687,185927,0.592449
10688,185937,0.376906
10689,185938,0.929795
10690,185939,1.140889
10691,185956,1.390032
10692,185969,1.135751
10693,185973,0.788701
10694,185976,1.485183
10695,185979,0.503121
10696,186002,0.71195
10697,186014,0.85575
10698,186022,0.42509
10699,186024,0.831709
10700,186025,0.375313
10701,186034,1.381249
10702,186039,1.02807
10703,186075,1.067676
10704,186095,1.428815
10705,186102,1.092711
10706,186120,0.659016
10707,186125,0.416712
10708,186127,1.158014
10709,186135,1.02433
10710,186146,0.454225
10711,186154,1.353656
10712,186173,1.108322
10713,186179,0.92601
10714,186226,0.820884
10715,186233,1.408423
10716,186260,0.594665
10717,186268,1.135939
10718,186271,0.896614
10719,186277,1.196539
10720,186301,0.923608
10721,186304,1.365977
10722,186368,0.575541
10723,186384,1.019951
10724,186392,1.305391
10725,186396,1.025363
10726,186397,0.881097
10727,186403,1.450933
10728,186408,0.88158
10729,186421,0.980006
10730,186432,1.158595
10731,186464,1.489299
10732,186468,0.721596
10733,186502,0.69838
10734,186511,0.687071
10735,186520,1.471973
10736,186531,1.222952
10737,186543,0.891013
10738,186556,0.859164
10739,186585,1.150062
10740,186590,0.672834
10741,186608,0.721403
10742,186619,0.957243
10743,186667,1.336835
10744,186668,0.84643
10745,186669,1.104142
10746,186674,0.602711
10747,186687,1.162024
10748,186696,0.715874
10749,186721,0.990015
10750,186723,0.842409
10751,186731,1.068248
10752,186746,0.948211
10753,186760,1.384636
10754,186777,0.859006
10755,186791,1.116377
10756,186802,0.33588
10757,186847,0.778405
10758,186848,1.364648
10759,186876,0.540392
10760,186879,0.600829
10761,186886,1.195104
10762,186895,0.864332
10763,186903,1.425699
10764,186925,0.389625
10765,186932,0.981408
10766,186949,0.800967
10767,186952,0.775526
10768,186993,0.492039
10769,187021,0.377084
10770,187040,0.770882
10771,187041,0.714792
10772,187042,1.094959
10773,187057,1.36789
10774,187063,1.340276
10775,187092,0.804463
10776,187102,1.20218
10777,187117,1.41661
10778,187171,1.283638
10779,187178,0.712847
10780,187182,1.111583
10781,187190,0.853248
10782,187266,0.933212
10783,187286,0.531566
10784,187317,0.996693
10785,187356,1.416541
10786,187369,1.201437
10787,187374,1.347279
10788,187376,1.175037
10789,187385,0.7902
10790,187398,0.875077
10791,187399,1.391527
10792,187413,1.150274
10793,187415,0.514377
10794,187445,0.323733
10795,187478,0.902072
10796,187484,0.74607
10797,187510,0.894906
10798,187524,1.423656
10799,187535,1.106376
10800,187550,0.881125
10801,187553,0.827225
10802,187557,0.762197
10803,187559,1.164617
10804,187566,0.931588
10805,187573,0.802696
10806,187605,0.861291
10807,187623,0.357249
10808,187630,1.081986
10809,187647,1.029956
10810,187653,0.443363
10811,187654,1.077596
10812,187663,0.350099
10813,187669,1.177665
10814,187685,0.805009
10815,187688,0.891972
10816,187709,0.765553
10817,187712,0.625574
10818,187724,1.180849
10819,187725,0.46319
10820,187747,0.99754
10821,187755,0.696564
10822,187771,0.968305
10823,187773,1.011913
10824,187792,0.796791
10825,187800,0.555014
10826,187825,1.116621
10827,187831,1.166625
10828,187832,1.24738
10829,187835,1.448262
10830,187840,0.336206
10831,187847,1.340799
10832,187859,0.685778
10833,187868,1.496427
10834,187901,1.141854
10835,187929,0.587617
10836,187931,0.65641
10837,187963,0.994468
10838,187979,0.534755
10839,187985,0.600406
10840,188004,1.017438
10841,188007,0.626139
10842,188018,0.466719
10843,188022,1.125782
10844,188036,1.457227
10845,188058,0.862979
10846,188073,0.395253
10847,188077,0.370671
10848,188087,0.368581
10849,188102,0.569614
10850,188107,1.452426
10851,188111,0.945933
10852,188121,1.470228
10853,188126,1.449045
10854,188134,1.425258
10855,188145,1.010117
10856,188155,0.871703
10857,188196,1.074156
10858,188206,0.770775
10859,188207,1.184995
10860,188253,1.001738
10861,188254,0.681402
10862,188257,1.387905
10863,188260,1.405704
10864,188261,1.487259
10865,188263,0.444574
10866,188270,0.907081
10867,188296,0.354782
10868,188336,0.91901
10869,188362,0.722408
10870,188389,0.71043
10871,188410,0.757717
10872,188413,1.284499
10873,188420,0.408936
10874,188455,1.288433
10875,188462,1.356973
10876,188469,0.816665
10877,188477,1.326617
10878,188490,0.932647
10879,188511,0.59808
10880,188512,0.569752
10881,188533,1.312838
10882,188560,0.448647
10883,188565,1.169778
10884,188574,1.130359
10885,188588,1.345994
10886,188637,0.760675
10887,188646,0.626399
10888,188657,0.843439
10889,188669,1.052197
10890,188696,1.063094
10891,188739,1.313404
10892,188745,1.482714
10893,188750,0.406747
10894,188751,0.386853
10895,188771,0.586252
10896,188774,1.060381
10897,188787,1.281541
10898,188806,1.288932
10899,188834,0.721562
10900,188844,1.45381
10901,188852,1.391569
10902,188868,0.866476
10903,188891,1.433625
10904,188919,1.308232
10905,188925,1.488948
10906,188946,0.741832
10907,188949,0.782733
10908,188950,0.673197
10909,188953,0.755903
10910,188973,0.66633
10911,189000,0.301805
10912,189005,0.625554
10913,189006,0.882276
10914,189013,0.481343
10915,189029,0.405576
10916,189042,0.90939
10917,189045,0.759197
10918,189067,0.764317
10919,189071,0.920038
10920,189075,1.09206
10921,189089,1.057585
10922,189101,0.83553
10923,189124,0.339674
10924,189126,0.522157
10925,189137,0.315156
10926,189150,0.514478
10927,189183,1.109634
10928,189192,0.655205
10929,189197,0.420991
10930,189220,0.378244
10931,189235,1.274192
10932,189242,1.357106
10933,189255,1.351545
10934,189259,1.04001
10935,189281,0.689318
10936,189285,0.433796
10937,189289,1.26177
10938,189293,1.004018
10939,189298,1.397773
10940,189299,0.740025
10941,189301,1.165737
10942,189333,1.251666
10943,189362,0.553655
10944,189377,0.926598
10945,189384,1.03298
10946,189388,0.321529
10947,189395,0.770729
10948,189402,1.325116
10949,189407,1.150528
10950,189422,0.477111
10951,189458,1.136827
10952,189465,1.396485
10953,189477,0.609729
10954,189481,0.913298
10955,189504,0.697905
10956,189517,1.140566
10957,189524,0.84678
10958,189529,1.103304
10959,189540,1.475884
10960,189545,1.238468
10961,189576,0.837966
10962,189579,0.557817
10963,189581,1.226227
10964,189594,0.620157
10965,189603,0.84743
10966,189604,1.279198
10967,189621,0.355465
10968,189645,1.022594
10969,189668,0.878192
10970,189689,0.380241
10971,189691,0.749827
10972,189695,0.922712
10973,189698,0.753243
10974,189723,0.326471
10975,189727,0.840377
10976,189730,1.402291
10977,189736,1.281298
10978,189739,1.021921
10979,189751,0.941099
10980,189761,1.302417
10981,189765,0.449055
10982,189776,0.755853
10983,189777,1.295187
10984,189797,0.988293
10985,189846,0.878582
10986,189853,0.75534
10987,189865,0.408005
10988,189877,0.995488
10989,189900,0.444143
10990,189901,0.596643
10991,189905,0.547636
10992,189913,1.305642
10993,189918,0.412802
10994,189926,0.56858
10995,189944,1.020838
10996,189958,1.388342
10997,189968,0.368638
10998,189973,1.062683
10999,189990,0.703659
